X,Y,nombre,icon_url
-66.1315457545074,18.374346757883,Punto de interes,./0.png
